id,first_name,last_name,email,gender,country,salary
1,Valerye,McQuilty,vmcquilty0@vk.com,Agender,China,19447
2,Pepe,Kivlin,pkivlin1@usa.gov,Male,China,6725
3,Emlyn,Schanke,eschanke2@geocities.jp,Female,China,9297
4,Valentia,Goodrick,vgoodrick3@reverbnation.com,Female,China,10457
5,Dina,Norvell,dnorvell4@phpbb.com,Female,China,7299
6,Jennica,Tippetts,jtippetts5@comsenz.com,Female,China,8362
7,Alexei,Beetham,abeetham6@google.cn,Male,China,10816
8,Maje,Fairbank,mfairbank7@yolasite.com,Male,China,4998
9,Alex,Jencken,ajencken8@github.com,Female,China,24378
10,Jaimie,Valerius,jvalerius9@google.com.au,Female,China,20473
11,Layne,Lapree,llapreea@naver.com,Female,China,18163
12,Garwin,Tyers,gtyersb@themeforest.net,Male,China,9102
13,Jaquelyn,Crafts,jcraftsc@ihg.com,Female,China,13644
14,Cari,Boumphrey,cboumphreyd@disqus.com,Female,China,8935
15,Fiona,Lettuce,flettucee@blog.com,Female,China,9921
16,Anna-diana,Leonardi,aleonardif@plala.or.jp,Female,China,11089
17,Isahella,Smedmoor,ismedmoorg@senate.gov,Female,China,14104
18,Bunnie,Eannetta,beannettah@trellian.com,Female,China,9885
19,Sophronia,Gosalvez,sgosalvezi@google.pl,Female,China,17037
20,Elli,McMichan,emcmichanj@craigslist.org,Bigender,China,23786
21,Charlotta,Jillions,cjillionsk@technorati.com,Female,China,2128
22,Mariquilla,Yelding,myeldingl@wiley.com,Genderqueer,China,15347
23,Ferd,Barsby,fbarsbym@vk.com,Male,China,4063
24,Derick,Blaisdale,dblaisdalen@weebly.com,Male,China,2569
25,Izzy,Jermyn,ijermyno@newsvine.com,Male,China,8968
26,Clara,Pressey,cpresseyp@reverbnation.com,Female,China,7756
27,Keven,Calcott,kcalcottq@jiathis.com,Male,China,10804
28,Aile,Pow,apowr@amazon.de,Female,China,8986
29,Delphinia,Dutson,ddutsons@mayoclinic.com,Female,China,3855
30,Alene,Dowgill,adowgillt@blog.com,Female,China,4104
31,Janet,Boscott,jboscottu@jalbum.net,Female,China,12094
32,Mitchel,Curzey,mcurzeyv@utexas.edu,Male,China,20305
33,Oswell,Ghiriardelli,oghiriardelliw@over-blog.com,Male,United States,22125
34,Oliy,Yakuntzov,oyakuntzovx@facebook.com,Genderqueer,China,3375
35,Clywd,Fontelles,cfontellesy@e-recht24.de,Male,China,13177
36,Elsi,Tommasi,etommasiz@illinois.edu,Female,China,10378
37,Caressa,Phette,cphette10@reuters.com,Genderfluid,United States,14991
38,Seana,Riolfi,sriolfi11@livejournal.com,Female,China,11030
39,Sunshine,Kidby,skidby12@topsy.com,Genderfluid,China,7050
40,Harald,Byfield,hbyfield13@bbb.org,Male,China,18393
41,Roxine,Hayles,rhayles14@loc.gov,Female,China,15647
42,Lesya,Pybus,lpybus15@delicious.com,Bigender,China,2478
43,Gabe,Grog,ggrog16@google.ru,Genderfluid,China,13093
44,Kamilah,Borles,kborles17@google.co.jp,Female,China,3818
45,Audrye,Thirlaway,athirlaway18@illinois.edu,Female,United States,14447
46,Terrijo,Denziloe,tdenziloe19@gravatar.com,Female,China,20925
47,Renee,Bearn,rbearn1a@acquirethisname.com,Female,China,16016
48,Rancell,Brissard,rbrissard1b@netlog.com,Male,China,4012
49,Rhoda,Dufore,rdufore1c@tripod.com,Female,United States,19605
50,Chaddy,Elcombe,celcombe1d@uol.com.br,Male,China,12148
51,Bogart,Le Marchand,blemarchand1e@imageshack.us,Male,China,22934
52,Xylia,MacAlaster,xmacalaster1f@wikia.com,Female,China,14488
53,Audre,Foch,afoch1g@ted.com,Female,China,22754
54,Alisun,Scragg,ascragg1h@washingtonpost.com,Female,China,8185
55,Akim,Slatten,aslatten1i@lycos.com,Male,China,9347
56,Sherry,Bromage,sbromage1j@admin.ch,Female,China,11104
57,Jonathan,Taphouse,jtaphouse1k@sina.com.cn,Male,China,15851
58,Ericka,Ritch,eritch1l@cam.ac.uk,Female,China,4470
59,Bentlee,Vanyakin,bvanyakin1m@epa.gov,Male,China,22641
60,Dulcine,Menicomb,dmenicomb1n@un.org,Bigender,United States,9305
61,Janela,Ainsley,jainsley1o@alibaba.com,Female,China,18617
62,Violetta,Penelli,vpenelli1p@accuweather.com,Female,China,15766
63,Burke,Penkman,bpenkman1q@netscape.com,Male,China,7224
64,Maddy,Mulvy,mmulvy1r@hexun.com,Male,China,18107
65,Stephenie,Crampsey,scrampsey1s@parallels.com,Female,China,18795
66,Willy,de Grey,wdegrey1t@senate.gov,Female,China,7449
67,Morgan,Mounch,mmounch1u@amazon.de,Non-binary,China,19685
68,Millard,Skeat,mskeat1v@npr.org,Bigender,China,15580
69,Olenolin,Hubane,ohubane1w@de.vu,Male,China,21013
70,Terrye,Kerley,tkerley1x@smugmug.com,Female,China,18863
71,Lem,Craythorne,lcraythorne1y@sun.com,Male,United States,8196
72,Brinna,Saban,bsaban1z@businessinsider.com,Female,China,12070
73,Thain,Leake,tleake20@wordpress.com,Male,China,18337
74,Emeline,Ingliss,eingliss21@illinois.edu,Female,United States,15607
75,Mavra,Sherwood,msherwood22@about.com,Female,China,16629
76,Coleen,Whieldon,cwhieldon23@wordpress.com,Female,China,16652
77,Lacie,Abraham,labraham24@cbslocal.com,Female,China,7615
78,Gennifer,Pudding,gpudding25@marriott.com,Female,China,3948
79,Daphne,Minthorpe,dminthorpe26@godaddy.com,Female,China,19180
80,Hyacinth,Matchitt,hmatchitt27@macromedia.com,Female,China,12263
81,Justino,Nielson,jnielson28@pcworld.com,Male,China,9366
82,Scarlett,Cool,scool29@unicef.org,Female,China,18770
83,Myer,Nilges,mnilges2a@japanpost.jp,Male,China,3812
84,Billi,Wyborn,bwyborn2b@github.com,Female,China,9302
85,Kiley,Spellworth,kspellworth2c@forbes.com,Female,Sri Lanka,14059
86,Lucius,Vlasyev,lvlasyev2d@bing.com,Agender,China,3361
87,Eliza,McAdam,emcadam2e@skype.com,Female,China,11129
88,Merrick,Sinnatt,msinnatt2f@ft.com,Male,China,8250
89,Austine,Cuxon,acuxon2g@ucsd.edu,Female,United States,23191
90,Neilla,Hodge,nhodge2h@icq.com,Female,China,15233
91,Suzanne,Webben,swebben2i@live.com,Female,China,18584
92,Luelle,Streetley,lstreetley2j@ebay.com,Female,China,19367
93,Preston,Waszczyk,pwaszczyk2k@networksolutions.com,Male,China,12283
94,Eadie,Reignould,ereignould2l@imdb.com,Female,China,16053
95,Chelsea,Royan,croyan2m@over-blog.com,Female,China,4523
96,Loralyn,Farnsworth,lfarnsworth2n@ustream.tv,Female,China,5150
97,Alister,Hitchens,ahitchens2o@narod.ru,Male,China,24557
98,Christi,Emanuele,cemanuele2p@fc2.com,Female,China,5890
99,Gabbie,Wogdon,gwogdon2q@bbb.org,Male,China,8781
100,Quint,Sonschein,qsonschein2r@paginegialle.it,Male,China,13483
101,Jen,Gunderson,jgunderson2s@fc2.com,Female,China,16444
102,Euphemia,Gant,egant2t@bluehost.com,Female,China,16651
103,Reina,Bremmell,rbremmell2u@ibm.com,Female,China,21523
104,Shep,Filipovic,sfilipovic2v@usgs.gov,Male,China,2600
105,Coralie,Wyldes,cwyldes2w@cargocollective.com,Female,United States,5180
106,Yolande,Misken,ymisken2x@cbc.ca,Female,China,20619
107,Aldrich,Burren,aburren2y@devhub.com,Male,China,18558
108,Robinetta,Barker,rbarker2z@fda.gov,Female,China,10870
109,Maureen,Monahan,mmonahan30@senate.gov,Female,China,2578
110,Juan,Putland,jputland31@simplemachines.org,Male,China,23226
111,Ado,Normington,anormington32@mapy.cz,Male,China,16533
112,Sybille,Questier,squestier33@amazon.co.jp,Female,China,11499
113,Cornelia,Stronach,cstronach34@canalblog.com,Genderqueer,China,9497
114,Anette,Marcham,amarcham35@51.la,Female,United States,24571
115,Haze,Mar,hmar36@weebly.com,Male,China,3705
116,Garrott,Skivington,gskivington37@canalblog.com,Male,China,19474
117,Libbi,Scutts,lscutts38@dyndns.org,Genderfluid,China,2988
118,Erinn,Americi,eamerici39@tamu.edu,Female,China,22528
119,Trixi,Danielsson,tdanielsson3a@zimbio.com,Female,China,24858
120,Joycelin,Quye,jquye3b@blogtalkradio.com,Female,China,2692
121,Nicolette,Philpots,nphilpots3c@goo.gl,Polygender,China,2512
122,Charline,Wailes,cwailes3d@pcworld.com,Female,China,22056
123,Calla,Bandiera,cbandiera3e@oaic.gov.au,Female,China,4946
124,Land,Junifer,ljunifer3f@google.it,Male,China,15496
125,Standford,Dudderidge,sdudderidge3g@fotki.com,Male,China,4056
126,Tremain,Gravenor,tgravenor3h@amazon.com,Male,China,20440
127,Sid,Oldroyde,soldroyde3i@gizmodo.com,Male,China,11364
128,Melonie,Argyle,margyle3j@google.fr,Female,China,3965
129,Antonetta,Papen,apapen3k@salon.com,Agender,China,7432
130,Elva,Toth,etoth3l@ox.ac.uk,Polygender,China,19894
131,Kennan,Glover,kglover3m@google.com.br,Male,China,10467
132,Brantley,Gaydon,bgaydon3n@foxnews.com,Male,China,10651
133,Rora,Hiland,rhiland3o@ed.gov,Female,China,5917
134,Heloise,Yosifov,hyosifov3p@addtoany.com,Female,China,3507
135,Mattie,MacDonogh,mmacdonogh3q@behance.net,Polygender,China,20296
136,Garrot,Van den Bosch,gvandenbosch3r@answers.com,Male,China,21428
137,Rosanne,Cowley,rcowley3s@soundcloud.com,Female,China,24789
138,Dermot,Royse,droyse3t@fastcompany.com,Male,China,17600
139,Gennie,Crawforth,gcrawforth3u@jimdo.com,Female,China,9295
140,Bord,Sponton,bsponton3v@aol.com,Male,China,17624
141,Bethanne,Boylin,bboylin3w@hhs.gov,Female,China,14803
142,Keen,Burgise,kburgise3x@unc.edu,Male,China,23599
143,Seamus,Guenther,sguenther3y@hubpages.com,Male,China,19538
144,Kenon,Bollin,kbollin3z@theguardian.com,Male,China,24262
145,Roi,Wringe,rwringe40@netvibes.com,Male,China,5307
146,Bethanne,Collidge,bcollidge41@unicef.org,Female,China,3594
147,Ynes,Van Hesteren,yvanhesteren42@vistaprint.com,Female,China,6670
148,Joice,Phuprate,jphuprate43@mac.com,Female,China,21133
149,Nerti,Bushaway,nbushaway44@prnewswire.com,Female,China,3449
150,Jerad,Hanscomb,jhanscomb45@businessweek.com,Male,China,17516
151,Caren,Sunner,csunner46@auda.org.au,Female,China,16917
152,Mariel,Yurchishin,myurchishin47@seattletimes.com,Female,China,12729
153,Nevil,Corneliussen,ncorneliussen48@mit.edu,Male,China,7779
154,Trista,Alexandrescu,talexandrescu49@time.com,Female,United States,15206
155,Noach,Philipp,nphilipp4a@bluehost.com,Male,China,11605
156,Claudio,Chazier,cchazier4b@bluehost.com,Male,China,13388
157,Laurel,O'Currigan,locurrigan4c@amazon.co.jp,Female,China,13285
158,Alexandr,Hazzard,ahazzard4d@msn.com,Male,China,6083
159,Rhiamon,Ilchuk,rilchuk4e@wordpress.org,Female,China,24220
160,Annetta,Larmour,alarmour4f@facebook.com,Female,China,4422
161,Worthington,Canon,wcanon4g@yellowbook.com,Male,China,22944
162,Ellswerth,Rabat,erabat4h@list-manage.com,Male,China,13346
163,Shelagh,Dailey,sdailey4i@deviantart.com,Non-binary,China,23464
164,Keen,Gasnell,kgasnell4j@cnbc.com,Male,China,16398
165,Priscilla,Oats,poats4k@aboutads.info,Female,China,23831
166,Josey,Greenaway,jgreenaway4l@homestead.com,Female,China,15714
167,Edgard,Linwood,elinwood4m@latimes.com,Male,China,17799
168,Elayne,Ransom,eransom4n@google.fr,Female,China,6959
169,Tobias,Austin,taustin4o@dell.com,Male,China,17874
170,Nixie,Seleway,nseleway4p@pagesperso-orange.fr,Female,China,15130
171,Annamarie,Wishart,awishart4q@tinypic.com,Female,China,22844
172,Sidonnie,Petegre,spetegre4r@tumblr.com,Polygender,China,23980
173,Shaun,Allain,sallain4s@1688.com,Male,China,20532
174,Berne,Najera,bnajera4t@sbwire.com,Male,China,24991
175,Carmel,Vedikhov,cvedikhov4u@examiner.com,Female,China,24463
176,Colby,Medhurst,cmedhurst4v@wired.com,Male,China,11732
177,Leisha,Strewthers,lstrewthers4w@cloudflare.com,Female,China,9934
178,Wendall,Freshwater,wfreshwater4x@domainmarket.com,Male,China,11174
179,Sacha,Botterill,sbotterill4y@fc2.com,Female,China,4197
180,Yvette,Iacofo,yiacofo4z@omniture.com,Female,China,15788
181,Ephrayim,Kaman,ekaman50@msn.com,Male,China,6016
182,Morlee,Adrianello,madrianello51@163.com,Male,China,23878
183,Cullie,Coull,ccoull52@edublogs.org,Male,China,6776
184,Darlleen,Biever,dbiever53@state.tx.us,Female,China,8024
185,Marylee,Treat,mtreat54@networksolutions.com,Female,China,17775
186,Max,Gaskall,mgaskall55@e-recht24.de,Female,United States,6947
187,Town,Feifer,tfeifer56@skyrock.com,Male,China,8556
188,Shirlene,Willcot,swillcot57@netvibes.com,Non-binary,China,7975
189,Griffith,Kolis,gkolis58@studiopress.com,Agender,China,15156
190,Jacky,Wyke,jwyke59@google.it,Female,China,11036
191,Ransell,Sperry,rsperry5a@csmonitor.com,Male,China,3434
192,Valentine,Addington,vaddington5b@ycombinator.com,Female,China,24628
193,Agnes,Kruszelnicki,akruszelnicki5c@oakley.com,Female,China,19590
194,Thoma,Hull,thull5d@google.cn,Male,China,20188
195,Justinian,Westmerland,jwestmerland5e@ocn.ne.jp,Genderfluid,China,5056
196,Sergio,Abry,sabry5f@rakuten.co.jp,Male,China,6701
197,Dermot,Goldhawk,dgoldhawk5g@zimbio.com,Male,China,15788
198,Marius,Withnall,mwithnall5h@addtoany.com,Male,China,9494
199,Papageno,Meeny,pmeeny5i@engadget.com,Male,China,4063
200,Omero,Maffetti,omaffetti5j@slideshare.net,Male,China,19880
201,Sterne,Graham,sgraham5k@dell.com,Male,China,13375
202,Yehudi,Robinett,yrobinett5l@ted.com,Male,China,17106
203,Sandor,Fattorini,sfattorini5m@berkeley.edu,Male,China,21431
204,Hana,Khan,hkhan5n@com.com,Female,China,11407
205,Fran,Chatwin,fchatwin5o@google.it,Male,China,21758
206,Aldric,Nind,anind5p@google.ca,Male,China,7601
207,Aidan,Hedley,ahedley5q@github.com,Female,United States,18227
208,Bartholemy,Nozzolii,bnozzolii5r@mac.com,Male,China,20149
209,Tabbie,Strettle,tstrettle5s@newsvine.com,Male,China,10855
210,Lianna,Scorton,lscorton5t@mayoclinic.com,Female,China,14369
211,Olly,Saltwell,osaltwell5u@pen.io,Male,China,10624
212,Sheila-kathryn,Massard,smassard5v@independent.co.uk,Female,China,5636
213,Dyane,Physick,dphysick5w@wunderground.com,Female,China,17071
214,Rudiger,Derington,rderington5x@aboutads.info,Male,China,9866
215,Carolina,Yurkin,cyurkin5y@godaddy.com,Female,China,5835
216,Wylie,Barkaway,wbarkaway5z@unesco.org,Male,China,6245
217,Lodovico,Pranger,lpranger60@example.com,Bigender,China,16185
218,Chlo,Farnhill,cfarnhill61@bbc.co.uk,Female,China,6406
219,Alvan,Lande,alande62@com.com,Male,China,3014
220,Craig,Gater,cgater63@unicef.org,Male,China,4801
221,Veradis,Artiss,vartiss64@unblog.fr,Female,China,20177
222,Beverlie,Halladey,bhalladey65@fema.gov,Female,United States,7562
223,Cesar,Servis,cservis66@moonfruit.com,Male,China,17645
224,Egon,Theml,etheml67@flavors.me,Male,China,13783
225,Konstantin,Gotthard.sf,kgotthardsf68@joomla.org,Male,China,13874
226,Trenton,Gemmell,tgemmell69@symantec.com,Male,China,17821
227,Freeland,Aireton,faireton6a@timesonline.co.uk,Male,China,22534
228,Johnath,Faley,jfaley6b@ihg.com,Genderfluid,China,19933
229,Cherise,Naris,cnaris6c@unblog.fr,Non-binary,China,6467
230,Gerik,Kernes,gkernes6d@google.cn,Male,China,20225
231,Neils,Greg,ngreg6e@webeden.co.uk,Non-binary,China,11709
232,Addie,Causnett,acausnett6f@thetimes.co.uk,Male,China,19774
233,Rollo,Scholer,rscholer6g@constantcontact.com,Non-binary,United States,14443
234,Deanne,Menendes,dmenendes6h@pagesperso-orange.fr,Female,China,7999
235,Denni,Fullwood,dfullwood6i@bloglines.com,Female,China,11058
236,Fiorenze,Rebichon,frebichon6j@163.com,Female,China,12621
237,Muffin,Clayden,mclayden6k@upenn.edu,Female,China,17526
238,Burnaby,Graddon,bgraddon6l@hhs.gov,Male,China,10272
239,Ewart,Reape,ereape6m@liveinternet.ru,Male,China,10489
240,Ogdon,Coppard,ocoppard6n@e-recht24.de,Male,China,22018
241,Adrianna,Aldcorne,aaldcorne6o@google.co.uk,Female,United States,7562
242,Kirstyn,Tissell,ktissell6p@stanford.edu,Female,China,4152
243,Milicent,Bowell,mbowell6q@ucoz.com,Female,United States,13730
244,Grover,Fackney,gfackney6r@plala.or.jp,Male,China,4653
245,Tommie,Knipe,tknipe6s@wikia.com,Male,China,22814
246,Netti,Behnecken,nbehnecken6t@smh.com.au,Female,China,24105
247,Dody,Heenan,dheenan6u@ezinearticles.com,Female,United States,7198
248,Max,Landrieu,mlandrieu6v@mac.com,Female,China,10514
249,Lyndsey,Bicker,lbicker6w@xrea.com,Female,China,16171
250,Grier,Ludman,gludman6x@hibu.com,Female,China,7291
251,Craggie,Pemble,cpemble6y@marriott.com,Male,China,12712
252,Filberto,Pettengell,fpettengell6z@domainmarket.com,Genderqueer,China,23709
253,Gerry,Trevain,gtrevain70@cbslocal.com,Female,China,19397
254,Allyn,Bearsmore,abearsmore71@unicef.org,Male,China,5791
255,Hercule,Truss,htruss72@unblog.fr,Male,China,20712
256,Prentice,Lubeck,plubeck73@ovh.net,Male,China,20038
257,Audi,Wooding,awooding74@flickr.com,Female,China,9247
258,Onida,Twell,otwell75@surveymonkey.com,Female,China,24840
259,Carlina,D'Souza,cdsouza76@flickr.com,Female,China,18115
260,Colline,Dimsdale,cdimsdale77@bbb.org,Female,China,18091
261,Harcourt,Jurisch,hjurisch78@lulu.com,Male,China,19555
262,Emelita,Jakeman,ejakeman79@nature.com,Female,China,4794
263,Anabel,Wonfor,awonfor7a@tiny.cc,Female,China,23639
264,Sophi,Badgers,sbadgers7b@blog.com,Female,China,9595
265,Dietrich,Shafe,dshafe7c@amazon.co.jp,Male,China,17469
266,Carmelita,Giacomazzo,cgiacomazzo7d@51.la,Female,China,15447
267,Frannie,Fransewich,ffransewich7e@nationalgeographic.com,Female,China,9823
268,Hank,Yancey,hyancey7f@slideshare.net,Male,China,3525
269,Miguel,Dulake,mdulake7g@imdb.com,Male,China,21270
270,Riccardo,McLeman,rmcleman7h@a8.net,Male,China,9329
271,Harris,Byard,hbyard7i@mozilla.org,Male,China,12865
272,Tynan,Lamacraft,tlamacraft7j@jugem.jp,Male,China,15684
273,Clementius,Brophy,cbrophy7k@prweb.com,Male,United States,3968
274,Francyne,Deerness,fdeerness7l@imgur.com,Female,China,21852
275,Sibel,Degoey,sdegoey7m@eepurl.com,Polygender,China,23986
276,Cyrus,Doget,cdoget7n@nbcnews.com,Male,China,17293
277,Gustaf,Buckingham,gbuckingham7o@360.cn,Male,China,23103
278,Mirabella,Leel,mleel7p@spiegel.de,Female,China,20927
279,Harriett,Buttrick,hbuttrick7q@yelp.com,Genderqueer,China,11342
280,Marcelline,Hurrell,mhurrell7r@gnu.org,Female,China,23418
281,Zack,Fennell,zfennell7s@loc.gov,Male,United States,8527
282,Benedikta,Glave,bglave7t@cafepress.com,Genderfluid,China,20424
283,Pietrek,Vaughton,pvaughton7u@sbwire.com,Male,United States,12739
284,Noami,Patkin,npatkin7v@umich.edu,Female,China,16150
285,Ewell,Cruikshanks,ecruikshanks7w@pinterest.com,Male,China,9378
286,Aila,Shakelady,ashakelady7x@topsy.com,Bigender,China,18653
287,Rose,Hendricks,rhendricks7y@dot.gov,Female,China,2475
288,Nancy,Trainer,ntrainer7z@phpbb.com,Female,China,12344
289,Webb,Kirwan,wkirwan80@cbc.ca,Male,United States,11385
290,Saundra,Filipov,sfilipov81@taobao.com,Male,China,16748
291,Sharlene,Geratasch,sgeratasch82@usa.gov,Female,China,14100
292,Armin,Duiged,aduiged83@t.co,Male,United States,2220
293,Camile,Mayes,cmayes84@123-reg.co.uk,Female,United States,12139
294,Annalee,Antonazzi,aantonazzi85@bloomberg.com,Female,China,11903
295,Benton,McKeag,bmckeag86@stanford.edu,Polygender,China,18041
296,Margaret,Vondruska,mvondruska87@state.gov,Female,China,23767
297,Dun,Milliere,dmilliere88@woothemes.com,Male,China,6700
298,Dre,Duran,dduran89@huffingtonpost.com,Female,China,11125
299,Merrill,Traill,mtraill8a@prlog.org,Agender,China,8993
300,Enos,Capenor,ecapenor8b@narod.ru,Male,China,13865
301,Darby,Tatters,dtatters8c@phoca.cz,Male,China,7552
302,Isidora,Steed,isteed8d@taobao.com,Female,China,6642
303,Peirce,Fritchly,pfritchly8e@ustream.tv,Male,China,12005
304,Puff,Rickaert,prickaert8f@fastcompany.com,Male,China,12144
305,Niels,Grene,ngrene8g@bbb.org,Male,China,13498
306,Cosetta,Boutton,cboutton8h@europa.eu,Female,China,17823
307,Conney,Way,cway8i@nature.com,Male,China,12601
308,Lawrence,Branch,lbranch8j@google.cn,Male,China,22507
309,Brice,Rosier,brosier8k@themeforest.net,Male,China,8306
310,Karly,Dannett,kdannett8l@bloglines.com,Female,China,8957
311,Neale,Bassingden,nbassingden8m@domainmarket.com,Male,China,5278
312,Erminia,Lownds,elownds8n@indiatimes.com,Polygender,China,21358
313,Joshuah,Preator,jpreator8o@bloglines.com,Male,China,20954
314,Marilee,Broinlich,mbroinlich8p@cmu.edu,Female,China,22045
315,Bendick,Gately,bgately8q@tinyurl.com,Male,China,4487
316,Tadeas,Eles,teles8r@ovh.net,Male,China,7366
317,Tannie,Waiton,twaiton8s@drupal.org,Male,China,8527
318,Torrin,Assiratti,tassiratti8t@sciencedirect.com,Male,China,18580
319,Barbaraanne,Moden,bmoden8u@ebay.co.uk,Female,China,11070
320,Hasheem,Carnier,hcarnier8v@dyndns.org,Male,China,6121
321,Marjie,Feakins,mfeakins8w@macromedia.com,Female,China,2695
322,Ursulina,Pallin,upallin8x@google.co.jp,Female,China,19855
323,Stern,Monument,smonument8y@theguardian.com,Male,China,14344
324,Ernest,Balden,ebalden8z@mapquest.com,Male,China,12776
325,Keslie,Winkless,kwinkless90@networksolutions.com,Female,United States,17807
326,Judith,Nursey,jnursey91@vkontakte.ru,Female,United States,14349
327,Leslie,Hamp,lhamp92@ox.ac.uk,Male,China,10689
328,Laurie,Brounsell,lbrounsell93@hc360.com,Male,China,8403
329,Gregoire,Santorini,gsantorini94@amazonaws.com,Male,China,23063
330,Hersh,Barg,hbarg95@quantcast.com,Male,China,5626
331,Kerk,Merdew,kmerdew96@purevolume.com,Male,China,5973
332,Batholomew,Kun,bkun97@wikia.com,Male,China,18054
333,Isobel,Jenking,ijenking98@about.me,Female,China,4961
334,Zaria,Bussons,zbussons99@noaa.gov,Polygender,China,9647
335,Earl,Braybrooke,ebraybrooke9a@qq.com,Male,China,5050
336,Tabby,Splain,tsplain9b@geocities.com,Male,China,10987
337,Beverley,Eginton,beginton9c@google.com.au,Female,China,20804
338,Giselbert,Casburn,gcasburn9d@shareasale.com,Male,China,4870
339,Salim,Peddel,speddel9e@ibm.com,Male,China,11806
340,Orville,Starbuck,ostarbuck9f@simplemachines.org,Male,China,20211
341,Syman,Hearne,shearne9g@ebay.co.uk,Male,China,19586
342,Odelinda,Casaletto,ocasaletto9h@va.gov,Female,China,23138
343,Tommie,Bever,tbever9i@state.tx.us,Male,China,12731
344,Janetta,Idell,jidell9j@diigo.com,Female,China,16498
345,Maxy,Ballantine,mballantine9k@state.tx.us,Female,China,14361
346,Elbertine,Heintzsch,eheintzsch9l@etsy.com,Female,China,18913
347,Antoinette,Scallan,ascallan9m@opensource.org,Non-binary,China,5800
348,Chrissie,Winspar,cwinspar9n@cam.ac.uk,Male,China,20568
349,Arleyne,Courtonne,acourtonne9o@xing.com,Female,China,2005
350,Borden,Emburey,bemburey9p@goodreads.com,Male,China,23501
351,Katalin,Vasyaev,kvasyaev9q@imdb.com,Female,China,23287
352,Ilsa,Leetham,ileetham9r@whitehouse.gov,Female,China,10654
353,Juliane,Dan,jdan9s@gnu.org,Genderfluid,China,20420
354,Selestina,Lawlie,slawlie9t@livejournal.com,Female,China,8451
355,Easter,Grund,egrund9u@yellowbook.com,Female,China,17977
356,Zorah,Olivari,zolivari9v@dailymail.co.uk,Female,China,7462
357,Jocelyn,De La Cote,jdelacote9w@studiopress.com,Female,China,16287
358,Tersina,Coveney,tcoveney9x@friendfeed.com,Non-binary,China,21104
359,Bonni,Georgeot,bgeorgeot9y@twitpic.com,Genderqueer,China,10437
360,Querida,Foker,qfoker9z@microsoft.com,Agender,China,7486
361,Tallia,Simonaitis,tsimonaitisa0@cloudflare.com,Female,China,8496
362,Rorke,Roads,rroadsa1@fda.gov,Male,United States,22996
363,Halley,Lehr,hlehra2@noaa.gov,Female,China,6475
364,Ulberto,Essel,uessela3@columbia.edu,Agender,China,15991
365,Hodge,Prop,hpropa4@archive.org,Male,China,15455
366,Hulda,Chidwick,hchidwicka5@hostgator.com,Female,United States,16329
367,Laughton,Tulley,ltulleya6@wikipedia.org,Male,China,15078
368,Korry,Storkes,kstorkesa7@plala.or.jp,Female,China,11172
369,Nancey,Wherrit,nwherrita8@exblog.jp,Female,China,17073
370,Phebe,Brogioni,pbrogionia9@patch.com,Female,United States,14697
371,Maurita,Hollingshead,mhollingsheadaa@mozilla.com,Bigender,China,24723
372,Borden,Berntssen,bberntssenab@github.io,Male,China,12725
373,Johannes,Syddall,jsyddallac@pinterest.com,Male,China,22604
374,Ardisj,Batters,abattersad@cyberchimps.com,Female,China,14690
375,Shelley,Chenery,scheneryae@globo.com,Male,China,3933
376,Lavena,O'Lahy,lolahyaf@ameblo.jp,Female,China,15483
377,Cullin,Duckfield,cduckfieldag@time.com,Male,China,14499
378,Moe,Thieme,mthiemeah@paginegialle.it,Male,China,3230
379,West,Emmines,wemminesai@goo.ne.jp,Male,United States,13220
380,Jorie,Guiso,jguisoaj@google.com,Genderqueer,China,6023
381,Tomasina,Chue,tchueak@noaa.gov,Female,China,9883
382,Yolande,Walkington,ywalkingtonal@multiply.com,Female,China,5302
383,Curtis,Tute,ctuteam@jugem.jp,Male,China,23056
384,Ashli,Folca,afolcaan@studiopress.com,Female,China,12579
385,Kary,Strick,kstrickao@fc2.com,Female,China,4880
386,Hanson,Greser,hgreserap@uiuc.edu,Male,United States,4054
387,Dall,O'Cannan,docannanaq@ft.com,Male,China,3528
388,Dorthea,McJerrow,dmcjerrowar@howstuffworks.com,Female,China,8901
389,Selene,Fardon,sfardonas@parallels.com,Female,China,14167
390,Pamela,Semken,psemkenat@ameblo.jp,Female,China,10547
391,Wake,Ianiello,wianielloau@nationalgeographic.com,Male,China,8573
392,Rowney,Klagge,rklaggeav@wordpress.org,Male,China,19930
393,Finley,Wooddisse,fwooddisseaw@examiner.com,Male,China,3235
394,Jillie,Swaton,jswatonax@boston.com,Female,China,8914
395,Willard,Garrood,wgarrooday@constantcontact.com,Male,China,12928
396,Winnifred,Keegan,wkeeganaz@soundcloud.com,Female,China,2992
397,Issie,McColley,imccolleyb0@cbslocal.com,Female,China,20471
398,Laird,Ship,lshipb1@toplist.cz,Male,China,8082
399,Gabbey,Albany,galbanyb2@hibu.com,Female,China,8794
400,Opalina,Bruntje,obruntjeb3@pen.io,Female,China,24125
401,Marsha,Dannatt,mdannattb4@hexun.com,Genderfluid,China,15926
402,Irma,Esseby,iessebyb5@bizjournals.com,Female,China,23076
403,Hephzibah,Guildford,hguildfordb6@clickbank.net,Female,China,14825
404,Roderic,Wardale,rwardaleb7@accuweather.com,Male,United States,4561
405,Lombard,Trengrouse,ltrengrouseb8@baidu.com,Male,China,13027
406,Miltie,Gibbings,mgibbingsb9@wired.com,Male,United States,18074
407,Betti,Abrahamsen,babrahamsenba@bing.com,Female,China,20215
408,Em,Kinnie,ekinniebb@examiner.com,Female,China,15887
409,Teri,Jurgenson,tjurgensonbc@hugedomains.com,Female,China,21124
410,Robbi,Instone,rinstonebd@cbslocal.com,Female,United States,3777
411,Noelani,Winspurr,nwinspurrbe@cdbaby.com,Female,China,16524
412,Clemmy,Navaro,cnavarobf@marketwatch.com,Male,China,19820
413,Sheelagh,Boobier,sboobierbg@guardian.co.uk,Female,China,24954
414,Waldon,Bridie,wbridiebh@vinaora.com,Male,China,23239
415,Jillayne,Joint,jjointbi@mapy.cz,Female,China,24213
416,Mic,Margrem,mmargrembj@deviantart.com,Male,China,7885
417,Barny,Trusslove,btrusslovebk@senate.gov,Male,China,11319
418,Marie,Spender,mspenderbl@nature.com,Female,China,18624
419,Marcelline,Metzig,mmetzigbm@yellowpages.com,Female,China,19813
420,Kristofer,Pfertner,kpfertnerbn@netvibes.com,Male,China,20449
421,Mathew,Boribal,mboribalbo@spiegel.de,Male,China,13487
422,Tremain,Daldan,tdaldanbp@nba.com,Male,China,16305
423,Wilden,Attoc,wattocbq@wunderground.com,Male,China,15966
424,Irv,Shayler,ishaylerbr@intel.com,Male,China,14860
425,Nicolai,Cotman,ncotmanbs@yellowbook.com,Male,China,18669
426,Kimberley,Coggell,kcoggellbt@so-net.ne.jp,Female,United States,13544
427,Christa,Gladding,cgladdingbu@sina.com.cn,Agender,China,24807
428,Athena,Chastelain,achastelainbv@pcworld.com,Female,China,7020
429,Genevra,Sell,gsellbw@bloglines.com,Female,China,10216
430,Licha,Singleton,lsingletonbx@independent.co.uk,Female,China,22616
431,Tommie,McGirl,tmcgirlby@xrea.com,Female,China,12437
432,Sharleen,Beange,sbeangebz@taobao.com,Female,United States,3995
433,Starlin,Clarridge,sclarridgec0@comcast.net,Female,China,16058
434,Jenilee,McLenahan,jmclenahanc1@smugmug.com,Female,China,14541
435,Jourdan,Meriott,jmeriottc2@hhs.gov,Female,United States,6607
436,Matti,Annett,mannettc3@auda.org.au,Female,China,18611
437,Chilton,Maylam,cmaylamc4@samsung.com,Male,United States,20704
438,Temple,Pitcaithly,tpitcaithlyc5@zimbio.com,Male,China,4045
439,Scot,Flode,sflodec6@example.com,Male,China,8336
440,Willetta,Lemm,wlemmc7@japanpost.jp,Female,China,17733
441,Bambi,Sirman,bsirmanc8@networkadvertising.org,Female,China,20601
442,Agnola,McNern,amcnernc9@earthlink.net,Female,China,10394
443,Merrilee,Karpeev,mkarpeevca@over-blog.com,Female,United States,20048
444,Kariotta,Tabart,ktabartcb@yelp.com,Female,China,13809
445,Lorant,Romeril,lromerilcc@godaddy.com,Male,China,13744
446,Stefa,Piburn,spiburncd@nifty.com,Female,China,12674
447,Salvatore,Guiu,sguiuce@lulu.com,Male,Sri Lanka,8506
448,Rodrick,Swadlen,rswadlencf@nifty.com,Male,China,10084
449,Gage,Stirling,gstirlingcg@tinypic.com,Male,United States,4893
450,Dacie,Cotterill,dcotterillch@rambler.ru,Female,China,8681
451,Shanan,Yakubowicz,syakubowiczci@odnoklassniki.ru,Male,China,10194
452,Sibeal,Bridgestock,sbridgestockcj@dedecms.com,Female,China,6844
453,Langston,Cuningham,lcuninghamck@furl.net,Male,China,11051
454,Henry,Mityushkin,hmityushkincl@multiply.com,Male,United States,19935
455,Kirsteni,Donisi,kdonisicm@myspace.com,Female,United States,12764
456,Ellerey,Brinsford,ebrinsfordcn@ifeng.com,Polygender,China,15628
457,Hazlett,Allott,hallottco@boston.com,Male,China,18775
458,Donelle,Adolf,dadolfcp@qq.com,Female,China,13817
459,Spencer,Waghorne,swaghornecq@aboutads.info,Male,China,12208
460,Lyn,MacFall,lmacfallcr@a8.net,Female,China,24252
461,Brynn,Ivasyushkin,bivasyushkincs@vimeo.com,Female,China,11477
462,Laureen,Tupling,ltuplingct@blog.com,Female,China,2448
463,Eddie,Hastler,ehastlercu@cafepress.com,Male,China,3390
464,Siegfried,Ferrara,sferraracv@multiply.com,Male,China,5768
465,Reinald,Corballis,rcorballiscw@squarespace.com,Male,China,7603
466,Francklin,Ayars,fayarscx@cyberchimps.com,Male,China,9098
467,Siward,Kuschke,skuschkecy@vkontakte.ru,Male,China,16725
468,Elvera,Puckinghorne,epuckinghornecz@edublogs.org,Female,China,5732
469,Justus,Sparkes,jsparkesd0@over-blog.com,Bigender,China,22388
470,Inigo,Toyer,itoyerd1@ning.com,Male,United States,5064
471,John,Commings,jcommingsd2@cargocollective.com,Male,China,5339
472,Omar,Haryngton,oharyngtond3@loc.gov,Male,China,10603
473,Agnesse,Palfree,apalfreed4@youtu.be,Female,China,6882
474,Isahella,Feaver,ifeaverd5@networksolutions.com,Female,China,24789
475,Alida,Norssister,anorssisterd6@zimbio.com,Genderqueer,China,5875
476,Jandy,Foulks,jfoulksd7@csmonitor.com,Female,United States,18521
477,Uriah,Backson,ubacksond8@wikimedia.org,Genderfluid,China,23370
478,Alphonse,Kalinowsky,akalinowskyd9@engadget.com,Male,United States,14645
479,Melody,Obeney,mobeneyda@yahoo.co.jp,Female,China,19618
480,Aleksandr,Harberer,aharbererdb@blogs.com,Male,United States,8108
481,Quincy,Kelledy,qkelledydc@engadget.com,Male,China,15331
482,Alice,Rennicks,arennicksdd@ehow.com,Female,China,5637
483,Lesly,Yorath,lyorathde@boston.com,Female,United States,24908
484,Early,Dalby,edalbydf@php.net,Male,China,9835
485,Gram,Margetson,gmargetsondg@indiegogo.com,Male,China,10078
486,Drake,Eddow,deddowdh@nhs.uk,Male,United States,5702
487,Frannie,Matovic,fmatovicdi@is.gd,Female,United States,11279
488,Marta,Hallawell,mhallawelldj@reddit.com,Female,China,21164
489,Hallie,Jell,hjelldk@nyu.edu,Female,China,24399
490,Netty,Carmody,ncarmodydl@wired.com,Female,Sri Lanka,12322
491,Mechelle,Haswell,mhaswelldm@blogger.com,Genderfluid,China,5166
492,Arly,McReynolds,amcreynoldsdn@symantec.com,Female,China,22110
493,Clarabelle,McGiffie,cmcgiffiedo@google.com.br,Female,China,16699
494,Shari,Pach,spachdp@tmall.com,Female,China,6486
495,Torrance,Dorning,tdorningdq@qq.com,Male,China,18979
496,Field,Waycot,fwaycotdr@state.gov,Male,China,16288
497,Aguistin,Manderson,amandersonds@nih.gov,Genderfluid,China,12207
498,Alice,Sleight,asleightdt@cdc.gov,Female,China,15061
499,Paolo,Supple,psuppledu@sphinn.com,Male,China,8303
500,Poppy,Denham,pdenhamdv@surveymonkey.com,Female,China,4506
501,Nealy,Trimmill,ntrimmilldw@php.net,Male,China,4015
502,Lindsay,Stopforth,lstopforthdx@canalblog.com,Male,China,11429
503,Marice,Vinter,mvinterdy@lulu.com,Female,China,17032
504,Esther,Beneze,ebenezedz@ed.gov,Female,China,4111
505,Lyssa,Woodward,lwoodwarde0@narod.ru,Female,China,12465
506,Hurleigh,Capes,hcapese1@lycos.com,Male,China,21809
507,Helli,Dumbarton,hdumbartone2@mail.ru,Female,China,3609
508,Sharity,Brimicombe,sbrimicombee3@washingtonpost.com,Female,China,14027
509,Heriberto,Fozzard,hfozzarde4@foxnews.com,Male,China,22182
510,Kiri,Orrom,korrome5@seesaa.net,Female,United States,20463
511,Moishe,Keedwell,mkeedwelle6@google.com.hk,Agender,China,13632
512,Shelagh,Handasyde,shandasydee7@intel.com,Female,China,20938
513,Milka,Everard,meverarde8@cnbc.com,Female,China,12457
514,Sampson,Feeney,sfeeneye9@ucsd.edu,Male,United States,21784
515,Violet,Iddon,viddonea@tripod.com,Female,China,24479
516,Hi,Andrews,handrewseb@freewebs.com,Male,China,10159
517,Edwin,Srutton,esruttonec@wisc.edu,Male,China,6136
518,Harriett,Latimer,hlatimered@smh.com.au,Genderfluid,China,22279
519,Jorry,Klauber,jklauberee@themeforest.net,Female,Sri Lanka,24708
520,Derril,Sculley,dsculleyef@latimes.com,Male,China,16698
521,Charlene,Dennidge,cdennidgeeg@amazon.co.jp,Female,China,9909
522,Carolin,Senescall,csenescalleh@spiegel.de,Female,China,8448
523,Tobie,Cobleigh,tcobleighei@globo.com,Male,China,23825
524,Brigham,Scurfield,bscurfieldej@microsoft.com,Male,China,11861
525,Rickie,Folcarelli,rfolcarelliek@themeforest.net,Female,United States,11184
526,Farris,Lyptratt,flyptrattel@cbslocal.com,Male,China,19622
527,Kittie,Kenny,kkennyem@nps.gov,Female,China,10736
528,Junette,Abramow,jabramowen@google.cn,Female,China,19322
529,Sunny,Corringham,scorringhameo@nba.com,Female,China,7979
530,Karia,Lobley,klobleyep@ca.gov,Female,China,3024
531,Kiley,McLarens,kmclarenseq@amazonaws.com,Non-binary,China,10060
532,Gwynne,Haly,ghalyer@prlog.org,Genderqueer,China,7903
533,Artemis,Greally,agreallyes@google.ru,Male,China,9289
534,Agustin,Coxhead,acoxheadet@aboutads.info,Male,China,6307
535,Stanley,Vasechkin,svasechkineu@gizmodo.com,Male,China,10233
536,Archibaldo,Bette,abetteev@last.fm,Male,China,18658
537,Martyn,Payfoot,mpayfootew@blogtalkradio.com,Male,China,9699
538,Amerigo,Pohlak,apohlakex@nature.com,Male,China,21001
539,Lenora,Priden,lprideney@soup.io,Female,China,9645
540,Ciel,Arent,carentez@telegraph.co.uk,Female,China,2968
541,Ellette,Treswell,etreswellf0@ebay.co.uk,Female,China,5502
542,Kirby,Sphinxe,ksphinxef1@xinhuanet.com,Female,China,5805
543,Clarine,Krinks,ckrinksf2@java.com,Genderfluid,China,17219
544,Carmina,Daniaud,cdaniaudf3@wsj.com,Female,China,7867
545,Jody,Beecraft,jbeecraftf4@oakley.com,Female,United States,15425
546,Norrie,Huban,nhubanf5@gizmodo.com,Female,China,2621
547,Winny,Tidmarsh,wtidmarshf6@dion.ne.jp,Female,China,14456
548,Alberto,Leare,alearef7@merriam-webster.com,Male,China,16500
549,Ewen,Fost,efostf8@unesco.org,Male,China,21402
550,Robinetta,Binder,rbinderf9@g.co,Female,China,12638
551,Xavier,Axton,xaxtonfa@wp.com,Male,China,19379
552,Cecile,Davers,cdaversfb@google.de,Female,China,6419
553,Dav,Godwin,dgodwinfc@utexas.edu,Male,China,10984
554,Almeda,Pridden,apriddenfd@loc.gov,Female,China,14329
555,Frieda,Glen,fglenfe@1688.com,Female,United States,2764
556,Lavina,Hoolaghan,lhoolaghanff@topsy.com,Female,China,12890
557,Wallie,Elvish,welvishfg@lulu.com,Female,China,13343
558,Harv,Joyson,hjoysonfh@skype.com,Male,China,6545
559,Dan,Eat,deatfi@scribd.com,Bigender,China,16029
560,Allis,Scurr,ascurrfj@slideshare.net,Female,China,16519
561,Gerardo,Verity,gverityfk@springer.com,Male,China,13838
562,Louisa,Sturt,lsturtfl@squarespace.com,Female,China,2443
563,Sheryl,Severwright,sseverwrightfm@yahoo.com,Female,China,4850
564,Shaylynn,Seleway,sselewayfn@flavors.me,Non-binary,China,17544
565,Tabatha,Schofield,tschofieldfo@odnoklassniki.ru,Female,China,7804
566,Brion,Ikringill,bikringillfp@digg.com,Male,China,13100
567,Ellene,Graber,egraberfq@google.com.au,Agender,United States,21371
568,Caryl,Bassill,cbassillfr@nasa.gov,Male,United States,23398
569,Bailie,Middas,bmiddasfs@bizjournals.com,Male,China,3337
570,Nadeen,Sacco,nsaccoft@lulu.com,Female,China,12409
571,Emeline,Frayne,efraynefu@cam.ac.uk,Female,China,11234
572,Chas,Rugg,cruggfv@hao123.com,Male,United States,15554
573,Bruno,McMenamie,bmcmenamiefw@miibeian.gov.cn,Male,China,17765
574,Patrizius,Zouch,pzouchfx@europa.eu,Male,China,14235
575,Cinda,MacNamee,cmacnameefy@chronoengine.com,Female,China,3122
576,Sander,Bentje,sbentjefz@salon.com,Male,China,12879
577,Donnamarie,Kobpal,dkobpalg0@wikimedia.org,Female,China,20344
578,Earvin,MacKellen,emackelleng1@latimes.com,Male,China,24695
579,Sandor,Scotchford,sscotchfordg2@samsung.com,Polygender,China,19916
580,Cindy,Monshall,cmonshallg3@umn.edu,Female,China,10702
581,Shadow,Garretts,sgarrettsg4@google.es,Male,China,19448
582,Jarvis,McCully,jmccullyg5@aboutads.info,Male,China,13092
583,Jackie,Celand,jcelandg6@e-recht24.de,Male,China,2603
584,Robina,Korn,rkorng7@cocolog-nifty.com,Female,China,3525
585,Phylys,Brede,pbredeg8@cmu.edu,Female,China,13362
586,Elisha,Rudgard,erudgardg9@nbcnews.com,Male,China,3827
587,Benita,Troyes,btroyesga@t-online.de,Female,China,15137
588,Esra,Maffezzoli,emaffezzoligb@rakuten.co.jp,Male,China,11284
589,Donal,Kubasek,dkubasekgc@1688.com,Male,China,16779
590,Dorothee,Hawse,dhawsegd@virginia.edu,Female,United States,8018
591,Imogene,Ramelet,irameletge@guardian.co.uk,Female,China,15100
592,Bette,Tidbury,btidburygf@cnn.com,Female,China,17565
593,Penelopa,Cookson,pcooksongg@plala.or.jp,Female,China,22439
594,Elaina,Wingate,ewingategh@linkedin.com,Female,China,7738
595,Berni,Stanyon,bstanyongi@rakuten.co.jp,Female,China,6819
596,Shay,Brayley,sbrayleygj@vkontakte.ru,Female,China,16300
597,Kathleen,Kleuer,kkleuergk@discuz.net,Female,China,10215
598,Lise,Pitherick,lpitherickgl@csmonitor.com,Female,China,17166
599,Tracey,Fleischer,tfleischergm@mozilla.org,Male,China,7275
600,Neron,Duesbury,nduesburygn@washington.edu,Male,China,8442
601,Abagail,McCullogh,amcculloghgo@netvibes.com,Female,United States,10438
602,Morgun,Conichie,mconichiegp@mac.com,Male,China,6912
603,Zitella,Pyne,zpynegq@who.int,Female,China,20014
604,Berkie,Suett,bsuettgr@dot.gov,Male,China,19123
605,Dagny,Arnaut,darnautgs@slashdot.org,Male,China,17695
606,Shoshanna,Jennrich,sjennrichgt@fotki.com,Agender,China,18487
607,Esther,Simkiss,esimkissgu@epa.gov,Female,China,14247
608,Herbie,Fendlow,hfendlowgv@harvard.edu,Male,China,11826
609,Joleen,Chaffin,jchaffingw@is.gd,Female,China,23252
610,Geoff,Stobbie,gstobbiegx@reddit.com,Male,China,13098
611,Kin,Thorsby,kthorsbygy@ucoz.ru,Male,China,9997
612,Janaye,Bellee,jbelleegz@earthlink.net,Female,China,19522
613,Gregorio,Bishell,gbishellh0@columbia.edu,Male,China,24748
614,Basile,Buddell,bbuddellh1@unesco.org,Non-binary,China,23614
615,Tomaso,Spada,tspadah2@blogger.com,Male,China,14348
616,Persis,Collins,pcollinsh3@cbc.ca,Female,China,18858
617,Mandel,Pensom,mpensomh4@shareasale.com,Polygender,China,17151
618,Vladamir,McArd,vmcardh5@so-net.ne.jp,Male,United States,14491
619,Seymour,Tomkins,stomkinsh6@blogger.com,Male,China,14169
620,Killy,Comsty,kcomstyh7@ucla.edu,Male,China,14659
621,Robinson,Dowrey,rdowreyh8@mozilla.org,Male,China,8494
622,Albie,Feehery,afeeheryh9@ovh.net,Male,China,19416
623,Byrle,Dorsey,bdorseyha@netscape.com,Male,China,24311
624,Schuyler,Ayers,sayershb@wix.com,Bigender,China,3494
625,Jakob,Caulier,jcaulierhc@ovh.net,Male,China,20595
626,Elsa,Lewerenz,elewerenzhd@discuz.net,Female,China,21216
627,Llywellyn,Snartt,lsnartthe@bigcartel.com,Male,China,10724
628,Georgeanne,Roe,groehf@twitpic.com,Female,China,8174
629,Juliette,Baroc,jbarochg@mlb.com,Female,China,20543
630,Bert,Torbett,btorbetthh@sphinn.com,Male,China,20048
631,Miriam,Benninck,mbenninckhi@ebay.co.uk,Female,China,15492
632,Drucie,Leneham,dlenehamhj@buzzfeed.com,Female,United States,9274
633,Antoine,Pfeffel,apfeffelhk@liveinternet.ru,Male,China,10962
634,Galven,Sargeaunt,gsargeaunthl@ox.ac.uk,Male,China,8601
635,Ogden,Aisman,oaismanhm@census.gov,Male,China,15468
636,Kenneth,Kennion,kkennionhn@mozilla.com,Male,China,5943
637,Roch,Grimsell,rgrimsellho@princeton.edu,Female,United States,3659
638,Ingaberg,Petrushka,ipetrushkahp@slideshare.net,Female,China,10723
639,Modestia,Caramuscia,mcaramusciahq@amazon.de,Female,China,8155
640,Augustin,Rens,arenshr@mac.com,Male,China,4846
641,Minnnie,Wilman,mwilmanhs@phoca.cz,Genderqueer,China,12022
642,Julie,Ivkovic,jivkovicht@de.vu,Male,China,3336
643,Marjie,Laugier,mlaugierhu@cargocollective.com,Female,China,7027
644,Giulio,Halliday,ghallidayhv@wp.com,Male,China,19353
645,Mara,Sleightholm,msleightholmhw@va.gov,Female,China,7247
646,Robinet,Ashley,rashleyhx@prweb.com,Female,United States,9348
647,Brigham,Knowlton,bknowltonhy@cmu.edu,Male,China,11340
648,Meara,Bamford,mbamfordhz@google.com,Female,United States,14807
649,Thomasina,Antoniades,tantoniadesi0@fc2.com,Female,China,14761
650,Peirce,Caraher,pcaraheri1@google.pl,Male,China,22743
651,Isador,Spelman,ispelmani2@bloomberg.com,Male,China,12454
652,Leonerd,Scargill,lscargilli3@cnbc.com,Male,China,8983
653,Erl,Winsley,ewinsleyi4@mozilla.com,Male,China,18661
654,Amalia,Wapol,awapoli5@histats.com,Female,China,17416
655,Elaine,Giorgeschi,egiorgeschii6@paginegialle.it,Female,China,22710
656,Amargo,Hindmore,ahindmorei7@eventbrite.com,Female,China,3185
657,Farris,Flintoff,fflintoffi8@weebly.com,Male,China,13588
658,Kynthia,Armistead,karmisteadi9@foxnews.com,Female,China,22005
659,Angie,Hawick,ahawickia@blogger.com,Male,China,23269
660,Derrik,Ingry,dingryib@china.com.cn,Male,China,19221
661,Alicea,Escala,aescalaic@seattletimes.com,Female,China,20539
662,Corby,Klimek,cklimekid@google.com,Male,China,12713
663,Janos,Tiernan,jtiernanie@csmonitor.com,Male,China,4618
664,Cynthea,Kener,ckenerif@moonfruit.com,Non-binary,China,4956
665,Trenna,Blackman,tblackmanig@arstechnica.com,Female,China,4594
666,Josey,Lisle,jlisleih@yandex.ru,Bigender,United States,12540
667,Bealle,Moyne,bmoyneii@umich.edu,Male,United States,20976
668,Lou,Giles,lgilesij@twitter.com,Male,China,23165
669,Clayson,Hein,cheinik@opensource.org,Male,China,13019
670,Grazia,Bagnell,gbagnellil@nbcnews.com,Female,China,8759
671,Malynda,Hansed,mhansedim@multiply.com,Female,China,11651
672,Ada,Beamson,abeamsonin@rakuten.co.jp,Genderqueer,China,11589
673,Aldo,Lomb,alombio@netvibes.com,Male,China,5074
674,Tedman,Kopps,tkoppsip@vkontakte.ru,Genderqueer,United States,6934
675,Ofilia,Baistow,obaistowiq@apple.com,Female,China,13730
676,Winfield,Drury,wdruryir@smh.com.au,Male,China,11927
677,Ninnetta,Davydenko,ndavydenkois@t.co,Genderfluid,China,5020
678,Joletta,Privost,jprivostit@nyu.edu,Female,China,23121
679,Sabra,Jeandel,sjeandeliu@businesswire.com,Female,China,2374
680,Nani,Been,nbeeniv@bloglines.com,Female,China,19647
681,Derk,Wrankling,dwranklingiw@virginia.edu,Male,China,4028
682,Sisely,Gumme,sgummeix@mapy.cz,Female,China,22920
683,Nestor,MacCourt,nmaccourtiy@issuu.com,Male,China,7009
684,Alfonso,Jendrusch,ajendruschiz@infoseek.co.jp,Male,United States,17941
685,Rosalynd,Bray,rbrayj0@state.tx.us,Female,China,14757
686,Peri,Letford,pletfordj1@comsenz.com,Female,China,15245
687,Bucky,Gallear,bgallearj2@tamu.edu,Genderfluid,China,2447
688,Regen,Battista,rbattistaj3@tumblr.com,Male,China,19788
689,Carlo,Aitken,caitkenj4@columbia.edu,Male,China,13398
690,Maris,Piet,mpietj5@taobao.com,Female,China,7673
691,Harriet,Foskin,hfoskinj6@hatena.ne.jp,Female,Sri Lanka,4868
692,Iorgos,Croyser,icroyserj7@google.com.br,Male,China,3399
693,Felicia,Isakovitch,fisakovitchj8@stanford.edu,Female,United States,3599
694,Auberon,Thame,athamej9@disqus.com,Male,Sri Lanka,7169
695,Jasen,Walrond,jwalrondja@blinklist.com,Male,China,3112
696,Gwyn,O'Fihillie,gofihilliejb@bigcartel.com,Female,China,7201
697,Andromache,Compford,acompfordjc@digg.com,Female,China,6853
698,Ezri,Tucsell,etucselljd@youtu.be,Male,China,11758
699,Theo,Sewart,tsewartje@rakuten.co.jp,Male,Sri Lanka,16260
700,Petra,Ruddle,pruddlejf@unc.edu,Female,China,21939
701,Eleonora,Vahey,evaheyjg@nydailynews.com,Female,China,17859
702,Helsa,Spurden,hspurdenjh@purevolume.com,Female,United States,24232
703,Steffi,Fockes,sfockesji@com.com,Female,China,24789
704,Tiebold,Tchir,ttchirjj@facebook.com,Male,China,8749
705,Krissie,Mechan,kmechanjk@woothemes.com,Female,China,4343
706,Sherm,Ashlee,sashleejl@cnn.com,Male,China,20763
707,Corbin,Abramino,cabraminojm@typepad.com,Male,United States,15382
708,Kerstin,Befroy,kbefroyjn@flavors.me,Female,United States,20172
709,Joshia,Pellissier,jpellissierjo@vinaora.com,Male,China,16746
710,Isiahi,Mineghelli,imineghellijp@tmall.com,Male,China,6197
711,Jeannine,Dachs,jdachsjq@dell.com,Female,China,10874
712,Lynnea,Tunaclift,ltunacliftjr@tinypic.com,Female,China,19227
713,Brear,Tilney,btilneyjs@vimeo.com,Female,China,17692
714,Nicolais,Snipe,nsnipejt@alexa.com,Male,China,5189
715,Becki,Flipek,bflipekju@nih.gov,Agender,United States,7146
716,Verney,Derycot,vderycotjv@google.es,Male,United States,16218
717,Jephthah,Farrens,jfarrensjw@craigslist.org,Male,China,2220
718,Ericha,Wathen,ewathenjx@netlog.com,Bigender,China,12308
719,Valaria,Kyllford,vkyllfordjy@tinyurl.com,Female,United States,7461
720,Rudie,Eppson,reppsonjz@house.gov,Male,China,12876
721,Konstantine,Dungey,kdungeyk0@senate.gov,Male,China,4452
722,Thane,Bouzan,tbouzank1@mtv.com,Male,China,4577
723,Emeline,Kynnd,ekynndk2@plala.or.jp,Female,China,4675
724,Cariotta,Elrick,celrickk3@gravatar.com,Female,China,5431
725,Claus,Coldrick,ccoldrickk4@unicef.org,Male,China,19394
726,Paulo,Pendrick,ppendrickk5@imageshack.us,Male,China,10985
727,Ernest,Simeon,esimeonk6@netscape.com,Male,China,24405
728,Rowe,Padula,rpadulak7@alibaba.com,Female,United States,19570
729,Benita,Wandrich,bwandrichk8@umich.edu,Female,United States,15581
730,Nonna,Emmitt,nemmittk9@live.com,Female,China,11331
731,Patty,Titt,ptittka@amazon.co.uk,Female,China,16154
732,Cayla,Babin,cbabinkb@histats.com,Female,China,18604
733,Kellie,Curry,kcurrykc@qq.com,Female,China,17013
734,Isak,Claybourn,iclaybournkd@storify.com,Male,China,6424
735,Paddie,Garmans,pgarmanske@xrea.com,Male,China,4719
736,Lucretia,Kelby,lkelbykf@slideshare.net,Female,United States,2796
737,Sibley,Yven,syvenkg@tumblr.com,Female,United States,6640
738,Alexandrina,Ivie,aiviekh@accuweather.com,Female,China,19379
739,Giuditta,Stefanovic,gstefanovicki@cbsnews.com,Female,United States,12639
740,Alfredo,Cruickshanks,acruickshankskj@alibaba.com,Male,China,19180
741,Bobby,Holsey,bholseykk@list-manage.com,Male,China,9792
742,Irwin,Reeken,ireekenkl@weebly.com,Male,China,15999
743,Felipe,Pilcher,fpilcherkm@wikia.com,Male,China,18954
744,Afton,Wallbank,awallbankkn@ebay.com,Female,United States,16044
745,Bonnibelle,Vido,bvidoko@prweb.com,Female,China,19493
746,Mathilda,Jeeves,mjeeveskp@cornell.edu,Female,China,16904
747,Woody,Freezor,wfreezorkq@ameblo.jp,Male,China,13361
748,Rickey,Brazear,rbrazearkr@prlog.org,Male,China,4546
749,Oliver,Lovejoy,olovejoyks@about.me,Male,China,13779
750,Briggs,Papes,bpapeskt@parallels.com,Male,United States,4759
751,Adrea,Clymo,aclymoku@dailymail.co.uk,Female,China,14518
752,Fawne,Keeri,fkeerikv@hc360.com,Female,China,16931
753,Shae,Stogill,sstogillkw@oracle.com,Female,China,15192
754,Benoite,Easman,beasmankx@ucla.edu,Female,China,16887
755,Magdalena,Walkingshaw,mwalkingshawky@multiply.com,Female,China,14732
756,Nicholle,Probate,nprobatekz@businessweek.com,Female,China,16845
757,Esta,Malatalant,emalatalantl0@infoseek.co.jp,Female,China,9784
758,Ulises,Kleinert,ukleinertl1@rambler.ru,Male,China,23751
759,Ad,Winckworth,awinckworthl2@bloomberg.com,Male,China,19188
760,Madelin,Butlin,mbutlinl3@nih.gov,Female,China,23187
761,Berget,Toor,btoorl4@shop-pro.jp,Female,China,15759
762,Kelila,Cauderlie,kcauderliel5@artisteer.com,Genderfluid,China,20942
763,Shermy,Veasey,sveaseyl6@biglobe.ne.jp,Male,China,9977
764,Terrance,Putson,tputsonl7@psu.edu,Male,China,13282
765,Henry,Hinnerk,hhinnerkl8@cbc.ca,Male,China,23192
766,Ann-marie,Volks,avolksl9@sina.com.cn,Female,China,2119
767,Clara,Bunting,cbuntingla@walmart.com,Female,China,20868
768,Dolf,Courtman,dcourtmanlb@blinklist.com,Male,China,20628
769,Otho,Wakely,owakelylc@devhub.com,Male,China,3911
770,Sigfrid,Barltrop,sbarltropld@ovh.net,Male,China,18661
771,Franny,Evill,fevillle@auda.org.au,Male,United States,19899
772,Renate,Buckles,rbuckleslf@wix.com,Female,China,11315
773,Missy,Coleson,mcolesonlg@techcrunch.com,Female,China,2886
774,Robb,McInteer,rmcinteerlh@feedburner.com,Male,China,23534
775,Matthias,Hendron,mhendronli@g.co,Male,China,9928
776,Hermon,Axon,haxonlj@slideshare.net,Male,China,8383
777,Lazaro,Librey,llibreylk@dagondesign.com,Male,China,17939
778,Juan,Davidovics,jdavidovicsll@4shared.com,Male,China,12645
779,Wyndham,Leport,wleportlm@spiegel.de,Male,China,11394
780,Romy,Chesser,rchesserln@techcrunch.com,Female,China,19524
781,Katina,Pawelski,kpawelskilo@narod.ru,Female,China,11393
782,Gilburt,Tonkin,gtonkinlp@hatena.ne.jp,Male,China,12677
783,Amelia,Grigoroni,agrigoronilq@admin.ch,Female,China,23986
784,Brannon,Wintringham,bwintringhamlr@bloglovin.com,Male,China,12515
785,Pandora,Floris,pflorisls@zimbio.com,Female,China,19639
786,Esteban,Waker,ewakerlt@census.gov,Male,United States,11789
787,Angie,Shapiro,ashapirolu@pinterest.com,Female,United States,6878
788,Isidoro,O'Gavin,iogavinlv@rakuten.co.jp,Male,China,10180
789,Mora,Kingswood,mkingswoodlw@vimeo.com,Female,China,15765
790,Janos,McCandie,jmccandielx@linkedin.com,Male,China,10703
791,Susana,Niset,snisetly@mozilla.com,Female,China,17644
792,Toby,Routham,trouthamlz@cpanel.net,Female,China,4510
793,Pearce,Pietruszewicz,ppietruszewiczm0@tinypic.com,Male,China,20517
794,Irving,Bathurst,ibathurstm1@usgs.gov,Male,China,12319
795,Anton,McCullen,amccullenm2@unesco.org,Genderfluid,United States,9512
796,Ram,MacCracken,rmaccrackenm3@newyorker.com,Male,China,16591
797,Amalie,Pawson,apawsonm4@twitpic.com,Female,China,11979
798,Heida,Worts,hwortsm5@google.nl,Female,China,19455
799,June,Lacroutz,jlacroutzm6@paypal.com,Female,China,19414
800,Dex,Gwillym,dgwillymm7@nymag.com,Male,United States,2753
801,Cleo,Basterfield,cbasterfieldm8@state.gov,Female,China,6348
802,Nollie,Iacopo,niacopom9@technorati.com,Female,China,13537
803,Kliment,Sinnock,ksinnockma@spiegel.de,Agender,China,7901
804,Travers,Antwis,tantwismb@mayoclinic.com,Male,China,21963
805,Clementia,Hoggin,chogginmc@phoca.cz,Female,China,4155
806,Nariko,Pleasance,npleasancemd@fastcompany.com,Female,China,22233
807,Emylee,Rubbert,erubbertme@army.mil,Female,China,11375
808,Bobbie,Kempton,bkemptonmf@blogspot.com,Male,China,18105
809,Russell,Brognot,rbrognotmg@lulu.com,Male,China,11957
810,Austina,Caze,acazemh@pcworld.com,Female,China,12860
811,Emmanuel,Gosling,egoslingmi@apple.com,Male,United States,2021
812,Quillan,Frise,qfrisemj@drupal.org,Male,China,21149
813,Birch,D'Ambrogi,bdambrogimk@cnet.com,Male,China,4049
814,Salome,Janota,sjanotaml@craigslist.org,Female,China,23743
815,Bernie,Snow,bsnowmm@utexas.edu,Male,China,9929
816,Kata,Buckel,kbuckelmn@vkontakte.ru,Female,China,14398
817,Annadiane,Glennie,aglenniemo@yahoo.com,Female,China,2612
818,Kerstin,Mathys,kmathysmp@baidu.com,Female,China,9636
819,Madge,Drews,mdrewsmq@google.nl,Female,China,5093
820,Sibylla,Durbin,sdurbinmr@biglobe.ne.jp,Female,China,5295
821,Sherill,Matthiesen,smatthiesenms@tripod.com,Female,United States,18784
822,Vale,Brisard,vbrisardmt@lulu.com,Female,China,4999
823,Pippy,Benyon,pbenyonmu@ox.ac.uk,Female,China,8573
824,Ethelbert,Hanwright,ehanwrightmv@eepurl.com,Male,China,11997
825,Demetris,Ledbury,dledburymw@comcast.net,Male,China,13831
826,Channa,Helix,chelixmx@t-online.de,Female,China,24353
827,Nolan,Sawter,nsawtermy@state.gov,Male,China,3962
828,Morrie,Arson,marsonmz@ftc.gov,Male,China,21603
829,Egbert,Coviello,ecoviellon0@icio.us,Male,China,24383
830,Leigh,Wyeth,lwyethn1@sogou.com,Male,China,4329
831,Illa,Jain,ijainn2@fotki.com,Genderqueer,China,5504
832,Livvy,Awcock,lawcockn3@cdc.gov,Bigender,China,3210
833,Grant,Andrewartha,gandrewarthan4@lulu.com,Male,China,13416
834,Korella,Brunt,kbruntn5@comcast.net,Female,China,15829
835,Jenine,Evemy,jevemyn6@shareasale.com,Female,China,15866
836,Timi,Passfield,tpassfieldn7@tuttocitta.it,Female,China,23177
837,Bennie,Patmore,bpatmoren8@yellowbook.com,Male,China,5943
838,Margery,Gatcliff,mgatcliffn9@diigo.com,Agender,China,14154
839,Bevan,Hext,bhextna@comcast.net,Non-binary,China,4542
840,Alisa,Skidmore,askidmorenb@hibu.com,Female,China,12877
841,Keelby,Keneforde,kkenefordenc@360.cn,Male,China,5511
842,Johannah,Thouless,jthoulessnd@marriott.com,Female,China,3676
843,Harlan,Holsey,hholseyne@noaa.gov,Male,China,23296
844,Mavra,Illston,millstonnf@angelfire.com,Female,China,15729
845,Alisun,McGeechan,amcgeechanng@stanford.edu,Female,China,23995
846,Sayres,O'Cassidy,socassidynh@tuttocitta.it,Male,China,6681
847,Moina,Hadwin,mhadwinni@wordpress.org,Female,United States,12733
848,Sheilakathryn,Wooland,swoolandnj@imageshack.us,Female,China,8056
849,Anestassia,Pock,apocknk@live.com,Female,China,14134
850,Feodora,Wessel,fwesselnl@bing.com,Female,China,21229
851,Verile,Fodden,vfoddennm@narod.ru,Female,China,11944
852,Dewie,Basezzi,dbasezzinn@unicef.org,Male,China,15995
853,Bernie,Murcott,bmurcottno@wikipedia.org,Female,China,7382
854,Reina,Denny,rdennynp@rediff.com,Agender,China,19626
855,Gonzales,Champerlen,gchamperlennq@ezinearticles.com,Male,China,14264
856,Sosanna,Vinson,svinsonnr@multiply.com,Female,China,10011
857,Hagen,Szubert,hszubertns@mozilla.org,Male,China,17740
858,Fionna,Kubica,fkubicant@ucsd.edu,Female,China,13373
859,Curtis,Huelin,chuelinnu@twitter.com,Genderfluid,China,17215
860,Deck,Durbann,ddurbannnv@joomla.org,Male,China,21267
861,Bren,Gavaghan,bgavaghannw@sakura.ne.jp,Male,China,20105
862,Ursa,Rodger,urodgernx@php.net,Female,China,5138
863,Melisandra,Gorcke,mgorckeny@xing.com,Female,China,4093
864,Nedda,Fouldes,nfouldesnz@ucla.edu,Female,China,4845
865,Abbot,Liddle,aliddleo0@blogtalkradio.com,Male,China,15922
866,Filbert,Cradoc,fcradoco1@dmoz.org,Male,United States,5559
867,Lindi,Dhennin,ldhennino2@merriam-webster.com,Female,China,12174
868,Annabela,Squier,asquiero3@themeforest.net,Female,China,24982
869,Terrijo,Barlee,tbarleeo4@usda.gov,Female,China,11723
870,Sheff,Howlin,showlino5@ebay.com,Male,China,16514
871,Vera,Impey,vimpeyo6@telegraph.co.uk,Female,United States,20650
872,Nicolle,Mulran,nmulrano7@list-manage.com,Female,China,16005
873,Lenna,Beaconsall,lbeaconsallo8@multiply.com,Female,China,13257
874,Anestassia,Grigolon,agrigolono9@biglobe.ne.jp,Female,United States,9473
875,Tam,Yancey,tyanceyoa@soup.io,Male,China,10877
876,Ricardo,Josefowicz,rjosefowiczob@mlb.com,Male,China,22266
877,Alva,Joddens,ajoddensoc@nationalgeographic.com,Male,United States,22840
878,Leroi,McCarver,lmccarverod@gizmodo.com,Male,China,4987
879,Orville,Claus,oclausoe@csmonitor.com,Non-binary,China,13019
880,Leia,Dahlbom,ldahlbomof@xinhuanet.com,Female,China,2189
881,Ric,Baythorp,rbaythorpog@technorati.com,Male,China,17085
882,Arleen,Grimme,agrimmeoh@wikispaces.com,Female,China,4591
883,Casey,Reeder,creederoi@wikipedia.org,Male,China,17416
884,Fair,Houseman,fhousemanoj@fastcompany.com,Male,United States,16757
885,Louie,Witter,lwitterok@phoca.cz,Male,United States,20115
886,Warren,Packington,wpackingtonol@taobao.com,Male,China,15393
887,Pru,Davson,pdavsonom@creativecommons.org,Female,China,6517
888,Pippa,Schohier,pschohieron@nba.com,Female,China,5302
889,Lorry,Janiszewski,ljaniszewskioo@cnbc.com,Polygender,China,21840
890,Blancha,MacAvaddy,bmacavaddyop@cmu.edu,Female,United States,6947
891,Hynda,Iczokvitz,hiczokvitzoq@nydailynews.com,Female,China,6367
892,Gene,Piers,gpiersor@list-manage.com,Genderqueer,China,8698
893,Reggie,Keays,rkeaysos@spotify.com,Female,China,18257
894,Koo,Yegorshin,kyegorshinot@vinaora.com,Female,China,13940
895,Krissie,Mc Giffin,kmcgiffinou@usa.gov,Female,China,4658
896,Audra,Schimpke,aschimpkeov@ucsd.edu,Female,China,24628
897,Hansiain,Atger,hatgerow@amazon.de,Male,United States,23382
898,Elmo,Bedson,ebedsonox@oakley.com,Male,China,15387
899,Liva,Springall,lspringalloy@ycombinator.com,Female,China,13278
900,Nataniel,Bolletti,nbollettioz@imdb.com,Male,China,5199
901,Harriett,De Caville,hdecavillep0@ox.ac.uk,Female,China,22476
902,Shae,Belding,sbeldingp1@oakley.com,Male,China,5810
903,Candice,Baylis,cbaylisp2@bbc.co.uk,Female,China,3208
904,Bink,Palister,bpalisterp3@pinterest.com,Male,China,5990
905,Danell,Raddan,draddanp4@purevolume.com,Female,China,11283
906,Berry,Holley,bholleyp5@edublogs.org,Female,China,8362
907,Rossie,Kempshall,rkempshallp6@moonfruit.com,Male,China,23537
908,Dewie,Faye,dfayep7@bbb.org,Male,China,11198
909,Hetty,Vitall,hvitallp8@tumblr.com,Female,China,9570
910,Ediva,De Brett,edebrettp9@jiathis.com,Female,China,16565
911,Doretta,Gallamore,dgallamorepa@opera.com,Female,China,6073
912,Agnola,Odda,aoddapb@cbc.ca,Female,China,22638
913,Eduard,Catterson,ecattersonpc@youtu.be,Male,China,16335
914,Royall,Cree,rcreepd@telegraph.co.uk,Bigender,China,4038
915,Kinnie,Catcheside,kcatchesidepe@mail.ru,Male,China,15147
916,Kit,Josselson,kjosselsonpf@yolasite.com,Female,China,21535
917,Nanine,Casillas,ncasillaspg@shutterfly.com,Female,China,23282
918,Starlene,Stickland,ssticklandph@unesco.org,Female,China,13454
919,Terri-jo,Cisar,tcisarpi@facebook.com,Female,China,15922
920,Ciel,Schaumann,cschaumannpj@jugem.jp,Female,China,14668
921,Opaline,Kunes,okunespk@ucla.edu,Female,United States,21688
922,Darice,Keems,dkeemspl@ning.com,Female,China,4968
923,Nicki,Hair,nhairpm@timesonline.co.uk,Agender,China,8340
924,Catherine,Gladbeck,cgladbeckpn@house.gov,Female,China,5678
925,Matias,Brenneke,mbrennekepo@zdnet.com,Male,China,18957
926,Herschel,Bilsborrow,hbilsborrowpp@ucoz.ru,Male,China,12155
927,Beilul,Connikie,bconnikiepq@google.nl,Female,China,20200
928,Leigh,Bettley,lbettleypr@nba.com,Male,China,15615
929,Alfie,Thalmann,athalmannps@google.com.hk,Male,China,8902
930,Dew,Stoodley,dstoodleypt@wordpress.org,Male,China,11138
931,Quint,Gookey,qgookeypu@uol.com.br,Male,China,15648
932,Tomaso,Vedenisov,tvedenisovpv@twitter.com,Male,China,14458
933,Ludvig,Felton,lfeltonpw@eepurl.com,Male,United States,24702
934,Silvia,Mattaus,smattauspx@macromedia.com,Female,China,14535
935,Byrann,Quibell,bquibellpy@deviantart.com,Male,China,9615
936,Verene,Joseph,vjosephpz@uol.com.br,Female,China,12398
937,Nester,Moggan,nmogganq0@over-blog.com,Male,Sri Lanka,2558
938,Delilah,Ganley,dganleyq1@facebook.com,Bigender,China,2522
939,Massimo,Rawcliffe,mrawcliffeq2@list-manage.com,Male,China,9081
940,Pembroke,Beedon,pbeedonq3@t-online.de,Male,China,19498
941,Tasia,Cassidy,tcassidyq4@creativecommons.org,Female,China,3826
942,Deborah,Evenden,devendenq5@businessinsider.com,Genderfluid,China,7401
943,Haskell,Dalgliesh,hdalglieshq6@de.vu,Male,China,7693
944,Leigh,De Vuyst,ldevuystq7@ucla.edu,Female,China,4172
945,Barbaraanne,Darrell,bdarrellq8@tinypic.com,Polygender,United States,24737
946,Gran,Stickford,gstickfordq9@archive.org,Male,China,7083
947,Addie,Haselgrove,ahaselgroveqa@fc2.com,Male,China,4166
948,Dale,Le Fleming,dleflemingqb@1688.com,Male,China,16443
949,Jdavie,Kimbury,jkimburyqc@newyorker.com,Male,China,8293
950,Baxie,Lideard,blideardqd@psu.edu,Male,China,16473
951,Verena,Kalker,vkalkerqe@meetup.com,Female,United States,20487
952,Lorie,Winkett,lwinkettqf@unesco.org,Female,China,23677
953,Tull,Christmas,tchristmasqg@dailymail.co.uk,Male,China,11826
954,Sacha,Muirhead,smuirheadqh@eventbrite.com,Female,China,20244
955,Gabbey,McLeod,gmcleodqi@theglobeandmail.com,Female,United States,10886
956,Rochester,Edgar,redgarqj@dell.com,Male,China,9682
957,Nat,Corneil,ncorneilqk@mapquest.com,Male,China,20988
958,Romain,Catchpole,rcatchpoleql@geocities.jp,Male,China,24260
959,Ricky,Stutard,rstutardqm@pinterest.com,Male,China,9282
960,Ransell,January,rjanuaryqn@de.vu,Male,China,15150
961,Doe,Kennealy,dkennealyqo@chicagotribune.com,Female,China,12856
962,Darcey,Banham,dbanhamqp@mysql.com,Female,China,16718
963,Marni,Crook,mcrookqq@dmoz.org,Female,China,6566
964,Talya,Betton,tbettonqr@eepurl.com,Female,China,6012
965,Micah,Woof,mwoofqs@angelfire.com,Genderfluid,China,23903
966,Franny,Gladdin,fgladdinqt@newyorker.com,Male,China,10149
967,Dewitt,Craigg,dcraiggqu@multiply.com,Male,China,8891
968,Garry,McCaughran,gmccaughranqv@hc360.com,Male,United States,6483
969,Rochell,Lente,rlenteqw@hao123.com,Female,China,17595
970,Kennith,Dewdeny,kdewdenyqx@zimbio.com,Male,China,11564
971,Vonni,MacNamee,vmacnameeqy@canalblog.com,Female,United States,15880
972,Alexandra,Teasdale-Markie,ateasdalemarkieqz@vistaprint.com,Female,China,20389
973,Guenna,Woodroffe,gwoodroffer0@mysql.com,Female,China,17147
974,Karole,Duckhouse,kduckhouser1@acquirethisname.com,Female,China,23611
975,Dolly,Asp,daspr2@marriott.com,Female,China,23472
976,Joela,Smorthit,jsmorthitr3@studiopress.com,Female,China,3633
977,Jone,Withrop,jwithropr4@nydailynews.com,Male,United States,14071
978,Orton,Pichmann,opichmannr5@goo.ne.jp,Male,China,21705
979,Vern,Romi,vromir6@naver.com,Male,China,5547
980,Boycie,Waterland,bwaterlandr7@nydailynews.com,Male,China,9820
981,Tucker,Likely,tlikelyr8@elegantthemes.com,Male,China,12465
982,Goldi,Syrett,gsyrettr9@live.com,Female,China,17311
983,Alwyn,Della Scala,adellascalara@behance.net,Male,China,10742
984,Beverley,Robun,brobunrb@opera.com,Female,China,9486
985,Leanora,Kembry,lkembryrc@de.vu,Female,United States,19961
986,Andrey,Zelake,azelakerd@mit.edu,Male,China,4124
987,Mycah,Ginnally,mginnallyre@dell.com,Male,China,22672
988,Marcelia,Crutchfield,mcrutchfieldrf@discovery.com,Female,China,4967
989,Gigi,Ollerhad,gollerhadrg@phpbb.com,Female,China,20692
990,Irvin,Loynes,iloynesrh@goo.gl,Male,China,6549
991,Aldridge,Leas,aleasri@blogspot.com,Male,United States,18197
992,Torr,Pickton,tpicktonrj@amazon.de,Male,China,24874
993,Omar,Ferrie,oferrierk@bloglines.com,Male,United States,14079
994,Lark,Johnston,ljohnstonrl@japanpost.jp,Female,China,19252
995,Brice,Feedome,bfeedomerm@angelfire.com,Male,China,13721
996,Karon,Erricker,kerrickerrn@cornell.edu,Genderqueer,China,16631
997,Darby,Wilfing,dwilfingro@time.com,Female,China,11923
998,Flss,Wigelsworth,fwigelsworthrp@csmonitor.com,Female,China,19377
999,Jonathan,Avramovic,javramovicrq@cisco.com,Male,China,18727
1000,Anni,Cotes,acotesrr@biblegateway.com,Female,China,5652